مال وأعمال,تجارة
مال وأعمال,تسويق
مال وأعمال,تجارة الكترونية
مال وأعمال,ريادة أعمال وشركات ناشئة
مال وأعمال,اقراض وتمويل
مال وأعمال,دراسات جدوى
مال وأعمال,استثمار
مال وأعمال,مبيعات وتسويق
مال وأعمال,عمليات
مال وأعمال,مالية
مال وأعمال,محاسبة
مال وأعمال,ابتكار
مال وأعمال,تقنية مالية
مال وأعمال,تخطيط واستراتيجية
بناء وعمار,عظم
بناء وعمار,تشطيبات
بناء وعمار,كهرباء
بناء وعمار,سباكة
بناء وعمار,ديكور
بناء وعمار,اضاءة
بناء وعمار,تكييف
بناء وعمار,استشارات هندسية
بناء وعمار,مخططات وتصاميم
ترفيه,سفر وسياحة
ترفيه,مطاعم
ترفيه,تسوق
ترفيه,كشتات
ترفيه,العاب الكترونية
ترفيه,صيد وقنص
رياضة وصحة,كمال أجسام
رياضة وصحة,لياقة
رياضة وصحة,يوقا
رياضة وصحة,تغذية
رياضة وصحة,دايت - نظام غذائي
تقنية,الكترونيات وملحقاتها
تقنية,برامج
تقنية,برمجة
فنون,رسم
فنون,نحت
فنون,موسيقى
فنون,شعر
فنون,كتابة إبداعية
فنون,ريزن
فنون,كروشيه
تعليم وتدريب,مدارس
تعليم وتدريب,تخصص جامعي
تعليم وتدريب,جامعات
تعليم وتدريب,شهادات ودورات
موارد بشرية وتوظيف,البحث عن وظيفة
موارد بشرية وتوظيف,المقابلة الشخصية
موارد بشرية وتوظيف,السيرة الذاتية
موارد بشرية وتوظيف,حقوق الموظف
أسرة ومجتمع,تربوي
أسرة ومجتمع,أسرية
أسرة ومجتمع,الأم والطفل
عناية وجمال,تجميل وميك اب
عناية وجمال,أزياء
تصاميم,تصميم ديكور
تصاميم,تصميم جرافيك
تصاميم,تصميم موشن جرافيك
تصاميم,تصميم أزياء
هوايات واهتمامات,طبخ
هوايات واهتمامات,سيارات
نباتات وزراعة,زراعة منزلية - حديقة البيت
نباتات وزراعة,زراعة مائية
نباتات وزراعة,زراعة النخيل